Episode,Steps Taken
1,96
2,20
3,12
4,32
5,12
6,24
7,16
8,22
9,27
10,20
11,10
12,10
13,11
14,13
15,13
16,12
17,10
18,11
19,13
20,8
21,9
22,8
23,8
24,10
25,8
26,8
27,8
28,9
29,9
30,8
31,8
32,8
33,8
34,9
35,8
36,8
37,8
38,8
39,8
40,8
41,11
42,8
43,8
44,8
45,8
46,8
47,8
48,8
49,8
50,8
51,8
52,8
53,8
54,8
55,8
56,8
57,8
58,8
59,8
60,8
